Price,Close
Ticker,AAPL
Date,
2010-01-04,6.440330505371094
2010-01-05,6.451465129852295
2010-01-06,6.348845958709717
2010-01-07,6.337109565734863
2010-01-08,6.3792405128479
2010-01-11,6.3229660987854
2010-01-12,6.251041889190674
2010-01-13,6.339217662811279
2010-01-14,6.302500247955322
2010-01-15,6.197173595428467
2010-01-19,6.47132682800293
2010-01-20,6.37171745300293
2010-01-21,6.261573791503906
2010-01-22,5.951009273529053
2010-01-25,6.1111063957214355
2010-01-26,6.197474956512451
2010-01-27,6.255858421325684
2010-01-28,5.997352123260498
2010-01-29,5.779776096343994
2010-02-01,5.860127925872803
2010-02-02,5.894132137298584
2010-02-03,5.995547294616699
2010-02-04,5.779476642608643
2010-02-05,5.882094383239746
2010-02-08,5.841768264770508
2010-02-09,5.904064655303955
2010-02-10,5.871862888336182
2010-02-11,5.978693962097168
2010-02-12,6.030155658721924
2010-02-16,6.121038436889648
2010-02-17,6.095458507537842
2010-02-18,6.1068949699401855
2010-02-19,6.06897497177124
2010-02-22,6.0313591957092285
2010-02-23,5.930245399475098
2010-02-24,6.038580417633057
2010-02-25,6.0789079666137695
2010-02-26,6.157751083374023
2010-03-01,6.289261341094971
2010-03-02,6.2850494384765625
2010-03-03,6.299493789672852
2010-03-04,6.34102201461792
2010-03-05,6.588993549346924
2010-03-08,6.592906951904297
2010-03-09,6.711474418640137
2010-03-10,6.766246318817139
2010-03-11,6.786104202270508
2010-03-12,6.819207668304443
2010-03-15,6.736152648925781
2010-03-16,6.754508972167969
2010-03-17,6.744577884674072
2010-03-18,6.760528564453125
2010-03-19,6.688302993774414
2010-03-22,6.763537406921387
2010-03-23,6.872173309326172
2010-03-24,6.902568340301514
2010-03-25,6.820713996887207
2010-03-26,6.948611736297607
2010-03-29,6.993452548980713
2010-03-30,7.097574710845947
2010-03-31,7.071994304656982
2010-04-01,7.101187705993652
2010-04-05,7.177021503448486
2010-04-06,7.2086181640625
2010-04-07,7.240518093109131
2010-04-08,7.220959186553955
2010-04-09,7.276330471038818
2010-04-12,7.291377544403076
2010-04-13,7.295590400695801
2010-04-14,7.3936944007873535
2010-04-15,7.490898609161377
2010-04-16,7.445156097412109
2010-04-19,7.435225486755371
2010-04-20,7.360595703125
2010-04-21,7.800863742828369
2010-04-22,8.019043922424316
2010-04-23,8.150250434875488
2010-04-26,8.110224723815918
2010-04-27,7.8857293128967285
2010-04-28,7.872486591339111
2010-04-29,8.084344863891602
2010-04-30,7.857140064239502
2010-05-03,8.01542854309082
2010-05-04,7.784614086151123
2010-05-05,7.7036566734313965
2010-05-06,7.410548210144043
2010-05-07,7.097876071929932
2010-05-10,7.643472671508789
2010-05-11,7.719610691070557
2010-05-12,7.887230396270752
2010-05-13,7.774977684020996
2010-05-14,7.638357639312744
2010-05-17,7.650395393371582
2010-05-18,7.594420433044434
2010-05-19,7.473443984985352
2010-05-20,7.155056476593018
2010-05-21,7.292281627655029
2010-05-24,7.425894737243652
2010-05-25,7.379552841186523
2010-05-26,7.346149444580078
2010-05-27,7.624215602874756
2010-05-28,7.730444431304932
2010-06-01,7.849309921264648
2010-06-02,7.943207263946533
2010-06-03,7.918231964111328
2010-06-04,7.702757358551025
2010-06-07,7.5516862869262695
2010-06-08,7.503238201141357
2010-06-09,7.318761825561523
2010-06-10,7.538747787475586
2010-06-11,7.629026889801025
2010-06-14,7.652198791503906
2010-06-15,7.815007209777832
2010-06-16,8.042513847351074
2010-06-17,8.181543350219727
2010-06-18,8.247750282287598
2010-06-21,8.130386352539062
2010-06-22,8.241130828857422
2010-06-23,8.154463768005371
2010-06-24,8.095179557800293
2010-06-25,8.025959968566895
2010-06-28,8.074111938476562
2010-06-29,7.709078788757324
2010-06-30,7.569443225860596
2010-07-01,7.477654933929443
2010-07-02,7.431312084197998
2010-07-06,7.482171535491943
2010-07-07,7.784308433532715
2010-07-08,7.7668561935424805
2010-07-09,7.812898635864258
2010-07-12,7.742780685424805
2010-07-13,7.577571392059326
2010-07-14,7.605555057525635
2010-07-15,7.567036151885986
2010-07-16,7.520390510559082
2010-07-19,7.390385627746582
2010-07-20,7.58027458190918
2010-07-21,7.650998115539551
2010-07-22,7.794844150543213
2010-07-23,7.822530269622803
2010-07-26,7.802666187286377
2010-07-27,7.947115898132324
2010-07-28,7.853225231170654
2010-07-29,7.767458438873291
2010-07-30,7.741575717926025
2010-08-02,7.880008220672607
2010-08-03,7.882416248321533
2010-08-04,7.914015769958496
2010-08-05,7.875491619110107
2010-08-06,7.827043056488037
2010-08-09,7.876999378204346
2010-08-10,7.806578636169434
2010-08-11,7.529117107391357
2010-08-12,7.577267169952393
2010-08-13,7.496313571929932
2010-08-16,7.452378749847412
2010-08-17,7.5826849937438965
2010-08-18,7.61578893661499
2010-08-19,7.519790172576904
2010-08-20,7.512565612792969
2010-08-23,7.397006511688232
2010-08-24,7.220357418060303
2010-08-25,7.309432506561279
2010-08-26,7.230888366699219
2010-08-27,7.271215438842773
2010-08-30,7.297698020935059
2010-08-31,7.315753936767578
2010-09-01,7.533329963684082
2010-09-02,7.588701248168945
2010-09-03,7.787323474884033
2010-09-07,7.758430004119873
2010-09-08,7.912209987640381
2010-09-09,7.91672420501709
2010-09-10,7.926954746246338
2010-09-13,8.036194801330566
2010-09-14,8.066887855529785
2010-09-15,8.131887435913086
2010-09-16,8.32298469543457
2010-09-17,8.286876678466797
2010-09-20,8.523411750793457
2010-09-21,8.539660453796387
2010-09-22,8.659435272216797
2010-09-23,8.694645881652832
2010-09-24,8.796958923339844
2010-09-27,8.762052536010742
2010-09-28,8.632647514343262
2010-09-29,8.64799976348877
2010-09-30,8.539058685302734
2010-10-01,8.502043724060059
2010-10-04,8.385279655456543
2010-10-05,8.695247650146484
2010-10-06,8.702767372131348
2010-10-07,8.703672409057617
2010-10-08,8.849623680114746
2010-10-11,8.888445854187012
2010-10-12,8.984146118164062
2010-10-13,9.032292366027832
2010-10-14,9.0975980758667
2010-10-15,9.471657752990723
2010-10-18,9.569765090942383
2010-10-19,9.313666343688965
2010-10-20,9.344963073730469
2010-10-21,9.314571380615234
2010-10-22,9.25287914276123
2010-10-25,9.294103622436523
2010-10-26,9.270329475402832
2010-10-27,9.263710975646973
2010-10-28,9.185769081115723
2010-10-29,9.057574272155762
2010-11-01,9.1538667678833
2010-11-02,9.309754371643066
2010-11-03,9.413280487060547
2010-11-04,9.577889442443848
2010-11-05,9.543583869934082
2010-11-08,9.588420867919922
2010-11-09,9.511988639831543
2010-11-10,9.570666313171387
2010-11-11,9.529141426086426
2010-11-12,9.269730567932129
2010-11-15,9.239937782287598
2010-11-16,9.075927734375
2010-11-17,9.043126106262207
2010-11-18,9.281766891479492
2010-11-19,9.230606079101562
2010-11-22,9.430131912231445
2010-11-23,9.290792465209961
2010-11-24,9.473464965820312
2010-11-26,9.47948169708252
2010-11-29,9.535758972167969
2010-11-30,9.363622665405273
2010-12-01,9.52161693572998
2010-12-02,9.574275970458984
2010-12-03,9.552913665771484
2010-12-06,9.634465217590332
2010-12-07,9.576083183288574
2010-12-08,9.660344123840332
2010-12-09,9.62273120880127
2010-12-10,9.646798133850098
2010-12-13,9.680206298828125
2010-12-14,9.638678550720215
2010-12-15,9.640785217285156
2010-12-16,9.667572975158691
2010-12-17,9.648309707641602
2010-12-20,9.69645881652832
2010-12-21,9.756341934204102
2010-12-22,9.785237312316895
2010-12-23,9.738286018371582
2010-12-27,9.77078628540039
2010-12-28,9.794564247131348
2010-12-29,9.789138793945312
2010-12-30,9.740096092224121
2010-12-31,9.706991195678711
2011-01-03,9.917953491210938
2011-01-04,9.969708442687988
2011-01-05,10.051259994506836
2011-01-06,10.043139457702637
2011-01-07,10.115058898925781
2011-01-10,10.30555248260498
2011-01-11,10.281176567077637
2011-01-12,10.364835739135742
2011-01-13,10.402751922607422
2011-01-14,10.487016677856445
2011-01-18,10.251382827758789
2011-01-19,10.196913719177246
2011-01-20,10.011541366577148
2011-01-21,9.832180976867676
2011-01-24,10.155084609985352
2011-01-25,10.273955345153809
2011-01-26,10.347684860229492
2011-01-27,10.328422546386719
2011-01-28,10.114453315734863
2011-01-31,10.211363792419434
2011-02-01,10.383193969726562
2011-02-02,10.361825942993164
2011-02-03,10.335345268249512
2011-02-04,10.427433013916016
2011-02-07,10.589335441589355
2011-02-08,10.689244270324707
2011-02-09,10.778322219848633
2011-02-10,10.669381141662598
2011-02-11,10.738900184631348
2011-02-14,10.809021949768066
2011-02-15,10.830686569213867
2011-02-16,10.927889823913574
2011-02-17,10.782536506652832
2011-02-18,10.54961109161377
2011-02-22,10.18999195098877
2011-02-23,10.310667037963867
2011-02-24,10.318493843078613
2011-02-25,10.477389335632324
2011-02-28,10.629359245300293
2011-03-01,10.511998176574707
2011-03-02,10.5965576171875
2011-03-03,10.820452690124512
2011-03-04,10.833697319030762
2011-03-07,10.694060325622559
2011-03-08,10.706097602844238
2011-03-09,10.607088088989258
2011-03-10,10.432548522949219
2011-03-11,10.592642784118652
2011-03-14,10.639892578125
2011-03-15,10.395231246948242
2011-03-16,9.93118667602539
2011-03-17,10.07052230834961
2011-03-18,9.951050758361816
2011-03-21,10.210761070251465
2011-03-22,10.26793384552002
2011-03-23,10.207443237304688
2011-03-24,10.381390571594238
2011-03-25,10.57909870147705
2011-03-28,10.545997619628906
2011-03-29,10.561650276184082
2011-03-30,10.491535186767578
2011-03-31,10.48791790008545
2011-04-01,10.369050025939941
2011-04-04,10.267635345458984
2011-04-05,10.198420524597168
2011-04-06,10.17284107208252
2011-04-07,10.174046516418457
2011-04-08,10.083160400390625
2011-04-11,9.954961776733398
2011-04-12,10.00311279296875
2011-04-13,10.115360260009766
2011-04-14,10.003717422485352
2011-04-15,9.854448318481445
2011-04-18,9.986562728881836
2011-04-19,10.1674222946167
2011-04-20,10.304347038269043
2011-04-21,10.553827285766602
2011-04-25,10.62333869934082
2011-04-26,10.545400619506836
2011-04-27,10.537271499633789
2011-04-28,10.434958457946777
2011-04-29,10.536672592163086
2011-05-02,10.42081069946289
2011-05-03,10.478588104248047
2011-05-04,10.519821166992188
2011-05-05,10.434958457946777
2011-05-06,10.432247161865234
2011-05-09,10.460537910461426
2011-05-10,10.51620864868164
2011-05-11,10.449399948120117
2011-05-12,10.429539680480957
2011-05-13,10.246871948242188
2011-05-16,10.030195236206055
2011-05-17,10.115663528442383
2011-05-18,10.227913856506348
2011-05-19,10.247775077819824
2011-05-20,10.087980270385742
2011-05-23,10.063299179077148
2011-05-24,9.996789932250977
2011-05-25,10.134922981262207
2011-05-26,10.081354141235352
2011-05-27,10.153881072998047
2011-05-31,10.46745491027832
2011-06-01,10.397637367248535
2011-06-02,10.41539478302002
2011-06-03,10.335345268249512
2011-06-06,10.17284107208252
2011-06-07,9.992276191711426
2011-06-08,9.998296737670898
2011-06-09,9.975727081298828
2011-06-10,9.80750560760498
2011-06-13,9.828570365905762
2011-06-14,10.004317283630371
2011-06-15,9.833083152770996
2011-06-16,9.785237312316895
2011-06-17,9.637776374816895
2011-06-20,9.489108085632324
2011-06-21,9.789448738098145
2011-06-22,9.708495140075684
2011-06-23,9.967905044555664
2011-06-24,9.821044921875
2011-06-27,9.992276191711426
2011-06-28,10.089181900024414
2011-06-29,10.052465438842773
2011-06-30,10.101517677307129
2011-07-01,10.329928398132324
2011-07-05,10.515604019165039
2011-07-06,10.585725784301758
2011-07-07,10.749434471130371
2011-07-08,10.824971199035645
2011-07-11,10.653130531311035
2011-07-12,10.645611763000488
2011-07-13,10.774113655090332
2011-07-14,10.766587257385254
2011-07-15,10.981757164001465
2011-07-18,11.248990058898926
2011-07-19,11.34076976776123
2011-07-20,11.643214225769043
2011-07-21,11.654949188232422
2011-07-22,11.835810661315918
2011-07-25,11.99229907989502
2011-07-26,12.140060424804688
2011-07-27,11.814449310302734
2011-07-28,11.791275024414062
2011-07-29,11.750946044921875
2011-08-01,11.9396333694458
2011-08-02,11.703701972961426
2011-08-03,11.813843727111816
2011-08-04,11.356419563293457
2011-08-05,11.243568420410156
2011-08-08,10.629359245300293
2011-08-09,11.255305290222168
2011-08-10,10.944741249084473
2011-08-11,11.245976448059082
2011-08-12,11.344985961914062
2011-08-15,11.538185119628906
2011-08-16,11.450014114379883
2011-08-17,11.448806762695312
2011-08-18,11.015761375427246
2011-08-19,10.714225769042969
2011-08-22,10.726560592651367
2011-08-23,11.242969512939453
2011-08-24,11.320613861083984
2011-08-25,11.246581077575684
2011-08-26,11.543305397033691
2011-08-29,11.73559856414795
2011-08-30,11.73620319366455
2011-08-31,11.58091926574707
2011-09-01,11.466564178466797
2011-09-02,11.256508827209473
2011-09-06,11.427740097045898
2011-09-07,11.55383586883545
2011-09-08,11.560153007507324
2011-09-09,11.35973072052002
2011-09-12,11.433762550354004
2011-09-13,11.574599266052246
2011-09-14,11.715437889099121
2011-09-15,11.825580596923828
2011-09-16,12.052483558654785
2011-09-19,12.387426376342773
2011-09-20,12.4421968460083
2011-09-21,12.402776718139648
2011-09-22,12.092206001281738
2011-09-23,12.16684341430664
2011-09-26,12.132835388183594
2011-09-27,12.015167236328125
2011-09-28,11.94745922088623
2011-09-29,11.753657341003418
2011-09-30,11.47529125213623
2011-10-03,11.273062705993652
2011-10-04,11.209866523742676
2011-10-05,11.382903099060059
2011-10-06,11.356419563293457
2011-10-07,11.128612518310547
2011-10-10,11.700693130493164
2011-10-11,12.046165466308594
2011-10-12,12.103344917297363
2011-10-13,12.291129112243652
2011-10-14,12.699499130249023
2011-10-17,12.639009475708008
2011-10-18,12.706720352172852
2011-10-19,11.995912551879883
2011-10-20,11.8962984085083
2011-10-21,11.82287311553955
2011-10-24,12.211081504821777
2011-10-25,11.970332145690918
2011-10-26,12.055499076843262
2011-10-27,12.17857837677002
2011-10-28,12.1864013671875
2011-10-31,12.18128490447998
2011-11-01,11.932415962219238
2011-11-02,11.959494590759277
2011-11-03,12.129825592041016
2011-11-04,12.044659614562988
2011-11-07,12.029314994812012
2011-11-08,12.224922180175781
2011-11-09,11.895397186279297
2011-11-10,11.592656135559082
2011-11-11,11.574599266052246
2011-11-14,11.413299560546875
2011-11-15,11.7012939453125
2011-11-16,11.57911491394043
2011-11-17,11.357625961303711
2011-11-18,11.28329086303711
2011-11-21,11.104837417602539
2011-11-22,11.33054256439209
2011-11-23,11.044052124023438
2011-11-25,10.941131591796875
2011-11-28,11.318804740905762
2011-11-29,11.23093032836914
2011-11-30,11.501769065856934
2011-12-01,11.674211502075195
2011-12-02,11.727472305297852
2011-12-05,11.827083587646484
2011-12-06,11.765089988708496
2011-12-07,11.709118843078613
2011-12-08,11.756365776062012
2011-12-09,11.845438957214355
2011-12-12,11.79187297821045
2011-12-13,11.700693130493164
2011-12-14,11.44128131866455
2011-12-15,11.403667449951172
2011-12-16,11.466262817382812
2011-12-19,11.50207233428955
2011-12-20,11.915557861328125
2011-12-21,11.930609703063965
2011-12-22,11.993803024291992
2011-12-23,12.137651443481445
2011-12-27,12.233954429626465
2011-12-28,12.116888046264648
2011-12-29,12.19151782989502
2011-12-30,12.187908172607422
2012-01-03,12.37539005279541
2012-01-04,12.441898345947266
2012-01-05,12.580025672912598
2012-01-06,12.711533546447754
2012-01-09,12.691374778747559
2012-01-10,12.736815452575684
2012-01-11,12.716046333312988
2012-01-12,12.68113899230957
2012-01-13,12.633591651916504
2012-01-17,12.780750274658203
2012-01-18,12.913463592529297
2012-01-19,12.872535705566406
2012-01-20,12.648336410522461
2012-01-23,12.862306594848633
2012-01-24,12.65164852142334
2012-01-25,13.441608428955078
2012-01-26,13.380516052246094
2012-01-27,13.460264205932617
2012-01-30,13.632695198059082
2012-01-31,13.737125396728516
2012-02-01,13.728401184082031
2012-02-02,13.696200370788574
2012-02-03,13.833422660827637
2012-02-06,13.962528228759766
2012-02-07,14.108781814575195
2012-02-08,14.345017433166504
2012-02-09,14.841257095336914
2012-02-10,14.848779678344727
2012-02-13,15.125044822692871
2012-02-14,15.331485748291016
2012-02-15,14.976688385009766
2012-02-16,15.113303184509277
2012-02-17,15.110600471496582
2012-02-21,15.493694305419922
2012-02-22,15.439221382141113
2012-02-23,15.54003620147705
2012-02-24,15.721192359924316
2012-02-27,15.822006225585938
2012-02-28,16.112417221069336
2012-02-29,16.32396125793457
2012-03-01,16.38506507873535
2012-03-02,16.406423568725586
2012-03-05,16.044702529907227
2012-03-06,15.95743465423584
2012-03-07,15.970368385314941
2012-03-08,16.310428619384766
2012-03-09,16.406126022338867
2012-03-12,16.61166763305664
2012-03-13,17.096172332763672
2012-03-14,17.74258804321289
2012-03-15,17.62160873413086
2012-03-16,17.621910095214844
2012-03-19,18.089258193969727
2012-03-20,18.235517501831055
2012-03-21,18.131393432617188
2012-03-22,18.03630256652832
2012-03-23,17.937284469604492
2012-03-26,18.26621437072754
2012-03-27,18.491910934448242
2012-03-28,18.586406707763672
2012-03-29,18.352888107299805
2012-03-30,18.042613983154297
2012-04-02,18.61680030822754
2012-04-03,18.938505172729492
2012-04-04,18.78772735595703
2012-04-05,19.069719314575195
2012-04-09,19.14645004272461
2012-04-10,18.91201400756836
2012-04-11,18.844614028930664
2012-04-12,18.741395950317383
2012-04-13,18.213544845581055
2012-04-16,17.458200454711914
2012-04-17,18.348068237304688
2012-04-18,18.307138442993164
2012-04-19,17.678184509277344
2012-04-20,17.243032455444336
2012-04-23,17.20450782775879
2012-04-24,16.8608455657959
2012-04-25,18.357084274291992
2012-04-26,18.28788185119629
2012-04-27,18.146442413330078
2012-04-30,17.574060440063477
2012-05-01,17.518386840820312
2012-05-02,17.634248733520508
2012-05-03,17.509056091308594
2012-05-04,17.010406494140625
2012-05-07,17.13770294189453
2012-05-08,17.098583221435547
2012-05-09,17.12867546081543
2012-05-10,17.168996810913086
2012-05-11,17.05434799194336
2012-05-14,16.79884910583496
2012-05-15,16.64687728881836
2012-05-16,16.43351173400879
2012-05-17,15.953218460083008
2012-05-18,15.96104621887207
2012-05-21,16.89093589782715
2012-05-22,16.76123046875
2012-05-23,17.170207977294922
2012-05-24,17.012514114379883
2012-05-25,16.921329498291016
2012-05-29,17.221660614013672
2012-05-30,17.429317474365234
2012-05-31,17.385974884033203
2012-06-01,16.882198333740234
2012-06-04,16.98151397705078
2012-06-05,16.937576293945312
2012-06-06,17.197290420532227
2012-06-07,17.20511245727539
2012-06-08,17.463916778564453
2012-06-11,17.188556671142578
2012-06-12,17.338726043701172
2012-06-13,17.218353271484375
2012-06-14,17.19939613342285
2012-06-15,17.277639389038086
2012-06-18,17.628225326538086
2012-06-19,17.677278518676758
2012-06-20,17.627029418945312
2012-06-21,17.384170532226562
2012-06-22,17.517478942871094
2012-06-25,17.176525115966797
2012-06-26,17.214448928833008
2012-06-27,17.288774490356445
2012-06-28,17.1247615814209
2012-06-29,17.57465362548828
2012-07-02,17.831056594848633
2012-07-03,18.038400650024414
2012-07-05,18.355289459228516
2012-07-06,18.23311424255371
2012-07-09,18.474159240722656
2012-07-10,18.303226470947266
2012-07-11,18.189476013183594
2012-07-12,18.02305793762207
2012-07-13,18.205730438232422
2012-07-16,18.26410484313965
2012-07-17,18.265003204345703
2012-07-18,18.24454689025879
2012-07-19,18.48710060119629
2012-07-20,18.185564041137695
2012-07-23,18.17141342163086
2012-07-24,18.083850860595703
2012-07-25,17.302921295166016
2012-07-26,17.300207138061523
2012-07-27,17.609575271606445
2012-07-30,17.906593322753906
2012-07-31,18.379968643188477
2012-08-01,18.261093139648438
2012-08-02,18.290584564208984
2012-08-03,18.528627395629883
2012-08-06,18.734766006469727
2012-08-07,18.68541717529297
2012-08-08,18.65381622314453
2012-08-09,18.76020050048828
2012-08-10,18.789508819580078
2012-08-13,19.040367126464844
2012-08-14,19.091440200805664
2012-08-15,19.065454483032227
2012-08-16,19.231977462768555
2012-08-17,19.587703704833984
2012-08-20,20.10270118713379
2012-08-21,19.827966690063477
2012-08-22,20.21512794494629
2012-08-23,20.026540756225586
2012-08-24,20.04437255859375
2012-08-27,20.42095184326172
2012-08-28,20.39434814453125
2012-08-29,20.35415267944336
2012-08-30,20.06402015686035
2012-08-31,20.105419158935547
2012-09-04,20.39948081970215
2012-09-05,20.256229400634766
2012-09-06,20.43877601623535
2012-09-07,20.564802169799805
2012-09-10,20.029861450195312
2012-09-11,19.96488380432129
2012-09-12,20.24293327331543
2012-09-13,20.641571044921875
2012-09-14,20.892423629760742
2012-09-17,21.149311065673828
2012-09-18,21.213687896728516
2012-09-19,21.219430923461914
2012-09-20,21.11667251586914
2012-09-21,21.158681869506836
2012-09-24,20.877607345581055
2012-09-25,20.35626792907715
2012-09-26,20.10361099243164
2012-09-27,20.591398239135742
2012-09-28,20.161632537841797
2012-10-01,19.92861557006836
2012-10-02,19.986642837524414
2012-10-03,20.293107986450195
2012-10-04,20.152565002441406
2012-10-05,19.72309684753418
2012-10-08,19.287282943725586
2012-10-09,19.217172622680664
2012-10-10,19.37009620666504
2012-10-11,18.982942581176758
2012-10-12,19.031599044799805
2012-10-15,19.18423080444336
2012-10-16,19.638477325439453
2012-10-17,19.481922149658203
2012-10-18,19.12015724182129
2012-10-19,18.43107795715332
2012-10-22,19.16216468811035
2012-10-23,18.537458419799805
2012-10-24,18.642330169677734
2012-10-25,18.42201042175293
2012-10-26,18.254573822021484
2012-10-31,17.99224090576172
2012-11-01,18.029111862182617
2012-11-02,17.432506561279297
2012-11-05,17.668851852416992
2012-11-06,17.615360260009766
2012-11-07,16.941354751586914
2012-11-08,16.32654571533203
2012-11-09,16.60920524597168
2012-11-12,16.480777740478516
2012-11-13,16.482900619506836
2012-11-14,16.30013656616211
2012-11-15,15.958269119262695
2012-11-16,16.020814895629883
2012-11-19,17.176042556762695
2012-11-20,17.029708862304688
2012-11-21,17.053686141967773
2012-11-23,17.351228713989258
2012-11-26,17.898624420166016
2012-11-27,17.754411697387695
2012-11-28,17.69855308532715
2012-11-29,17.89346694946289
2012-11-30,17.769594192504883
2012-12-03,17.797225952148438
2012-12-04,17.483291625976562
2012-12-05,16.358116149902344
2012-12-06,16.61467170715332
2012-12-07,16.18992042541504
2012-12-10,16.085786819458008
2012-12-11,16.437061309814453
2012-12-12,16.364498138427734
2012-12-13,16.081830978393555
2012-12-14,15.477657318115234
2012-12-17,15.752118110656738
2012-12-18,16.20966148376465
2012-12-19,15.979218482971191
2012-12-20,15.840166091918945
2012-12-21,15.767295837402344
2012-12-24,15.792803764343262
2012-12-26,15.575113296508789
2012-12-27,15.637663841247559
2012-12-28,15.471585273742676
2012-12-31,16.15712547302246
2013-01-02,16.669010162353516
2013-01-03,16.458620071411133
2013-01-04,16.00016212463379
2013-01-07,15.906044006347656
2013-01-08,15.948858261108398
2013-01-09,15.699596405029297
2013-01-10,15.894208908081055
2013-01-11,15.796744346618652
2013-01-14,15.233551979064941
2013-01-15,14.752939224243164
2013-01-16,15.365318298339844
2013-01-17,15.261795997619629
2013-01-18,15.180418968200684
2013-01-22,15.325246810913086
2013-01-23,15.605774879455566
2013-01-24,13.67756175994873
2013-01-25,13.35512638092041
2013-01-28,13.657218933105469
2013-01-29,13.913466453552246
2013-01-30,13.869744300842285
2013-01-31,13.82906436920166
2013-02-01,13.772286415100098
2013-02-04,13.429207801818848
2013-02-05,13.900409698486328
2013-02-06,13.88553237915039
2013-02-07,14.298406600952148
2013-02-08,14.504837989807129
2013-02-11,14.656000137329102
2013-02-12,14.288633346557617
2013-02-13,14.261455535888672
2013-02-14,14.248626708984375
2013-02-15,14.052268981933594
2013-02-19,14.047078132629395
2013-02-20,13.706890106201172
2013-02-21,13.621685028076172
2013-02-22,13.766740798950195
2013-02-25,13.522135734558105
2013-02-26,13.710554122924805
2013-02-27,13.576184272766113
2013-02-28,13.479382514953613
2013-03-01,13.145602226257324
2013-03-04,12.827397346496582
2013-03-05,13.166064262390137
2013-03-06,12.9987154006958
2013-03-07,13.14896297454834
2013-03-08,13.183774948120117
2013-03-11,13.371581077575684
2013-03-12,13.083306312561035
2013-03-13,13.08086109161377
2013-03-14,13.20759391784668
2013-03-15,13.548396110534668
2013-03-18,13.916683197021484
2013-03-19,13.879117965698242
2013-03-20,13.805522918701172
2013-03-21,13.825371742248535
2013-03-22,14.105711936950684
2013-03-25,14.156704902648926
2013-03-26,14.082199096679688
2013-03-27,13.805522918701172
2013-03-28,13.517857551574707
2013-04-01,13.097965240478516
2013-04-02,13.124838829040527
2013-04-03,13.19201946258545
2013-04-04,13.061625480651855
2013-04-05,12.92359447479248
2013-04-08,13.015509605407715
2013-04-09,13.039026260375977
2013-04-10,13.305009841918945
2013-04-11,13.263477325439453
2013-04-12,13.125142097473145
2013-04-15,12.821292877197266
2013-04-16,13.016427040100098
2013-04-17,12.30062198638916
2013-04-18,11.972342491149902
2013-04-19,11.925921440124512
2013-04-22,12.174498558044434
2013-04-23,12.402311325073242
2013-04-24,12.381851196289062
2013-04-25,12.471022605895996
2013-04-26,12.740367889404297
2013-04-29,13.134912490844727
2013-04-30,13.521525382995605
2013-05-01,13.414946556091309
2013-05-02,13.605196952819824
2013-05-03,13.741395950317383
2013-05-06,14.069067001342773
2013-05-07,14.006462097167969
2013-05-08,14.16464614868164
2013-05-09,14.041070938110352
2013-05-10,13.924261093139648
2013-05-13,13.97867488861084
2013-05-14,13.644222259521484
2013-05-15,13.182815551757812
2013-05-16,13.358956336975098
2013-05-17,13.318378448486328
2013-05-20,13.615633010864258
2013-05-21,13.51511287689209
2013-05-22,13.567063331604004
2013-05-23,13.59134578704834
2013-05-24,13.683876037597656
2013-05-28,13.569828987121582
2013-05-29,13.677732467651367
2013-05-30,13.881534576416016
2013-05-31,13.824663162231445
2013-06-03,13.855093002319336
2013-06-04,13.811753273010254
2013-06-05,13.68264389038086
2013-06-06,13.478228569030762
2013-06-07,13.58120346069336
2013-06-10,13.49144458770752
2013-06-11,13.45179271697998
2013-06-12,13.28548812866211
2013-06-13,13.401376724243164
2013-06-14,13.219706535339355
2013-06-17,13.279644966125488
2013-06-18,13.272575378417969
2013-06-19,13.002984046936035
2013-06-20,12.813630104064941
2013-06-21,12.710955619812012
2013-06-24,12.374049186706543
2013-06-25,12.376814842224121
2013-06-26,12.236639976501465
2013-06-27,12.104766845703125
2013-06-28,12.189303398132324
2013-07-01,12.579389572143555
2013-07-02,12.864347457885742
2013-07-03,12.935358047485352
2013-07-05,12.831459045410156
2013-07-08,12.758602142333984
2013-07-09,12.983006477355957
2013-07-10,12.933209419250488
2013-07-11,13.13486099243164
2013-07-12,13.110884666442871
2013-07-15,13.139471054077148
2013-07-16,13.22431468963623
2013-07-17,13.227696418762207
2013-07-18,13.272266387939453
2013-07-19,13.062929153442383
2013-07-22,13.104734420776367
2013-07-23,12.879717826843262
2013-07-24,13.541240692138672
2013-07-25,13.479456901550293
2013-07-26,13.556002616882324
2013-07-29,13.765032768249512
2013-07-30,13.935023307800293
2013-07-31,13.910734176635742
2013-08-01,14.038305282592773
2013-08-02,14.21844482421875
2013-08-05,14.430859565734863
2013-08-06,14.301751136779785
2013-08-07,14.29344654083252
2013-08-08,14.264983177185059
2013-08-09,14.061994552612305
2013-08-12,14.461468696594238
2013-08-13,15.148715019226074
2013-08-14,15.425032615661621
2013-08-15,15.40677547454834
2013-08-16,15.543547630310059
2013-08-19,15.710943222045898
2013-08-20,15.504557609558105
2013-08-21,15.544475555419922
2013-08-22,15.563035011291504
2013-08-23,15.503007888793945
2013-08-26,15.563340187072754
2013-08-27,15.118385314941406
2013-08-28,15.189863204956055
2013-08-29,15.214616775512695
2013-08-30,15.075995445251465
2013-09-03,15.118078231811523
2013-09-04,15.43091106414795
2013-09-05,15.325082778930664
2013-09-06,15.41636848449707
2013-09-09,15.662362098693848
2013-09-10,15.305597305297852
2013-09-11,14.472304344177246
2013-09-12,14.626394271850586
2013-09-13,14.38534927368164
2013-09-16,13.928014755249023
2013-09-17,14.088918685913086
2013-09-18,14.378545761108398
2013-09-19,14.614328384399414
2013-09-20,14.463019371032715
2013-09-23,15.181819915771484
2013-09-24,15.134164810180664
2013-09-25,14.89992904663086
2013-09-26,15.045055389404297
2013-09-27,14.937682151794434
2013-09-30,14.75202465057373
2013-10-01,15.098893165588379
2013-10-02,15.148401260375977
2013-10-03,14.958102226257324
2013-10-04,14.946344375610352
2013-10-07,15.092395782470703
2013-10-08,14.88167667388916
2013-10-09,15.056499481201172
2013-10-10,15.150879859924316
2013-10-11,15.248964309692383
2013-10-14,15.348912239074707
2013-10-15,15.4306001663208
2013-10-16,15.505791664123535
2013-10-17,15.610684394836426
2013-10-18,15.74653434753418
2013-10-21,16.13237762451172
2013-10-22,16.08628273010254
2013-10-23,16.24378204345703
2013-10-24,16.458824157714844
2013-10-25,16.27472686767578
2013-10-28,16.396020889282227
2013-10-29,15.98757266998291
2013-10-30,16.241918563842773
2013-10-31,16.17384910583496
2013-11-01,16.09123420715332
2013-11-04,16.299171447753906
2013-11-05,16.258941650390625
2013-11-06,16.212879180908203
2013-11-07,15.950507164001465
2013-11-08,16.201675415039062
2013-11-11,16.154680252075195
2013-11-12,16.184560775756836
2013-11-13,16.203853607177734
2013-11-14,16.438209533691406
2013-11-15,16.339553833007812
2013-11-18,16.1416015625
2013-11-19,16.17024040222168
2013-11-20,16.02862548828125
2013-11-21,16.219722747802734
2013-11-22,16.178022384643555
2013-11-25,16.300643920898438
2013-11-26,16.60129737854004
2013-11-27,16.992218017578125
2013-11-29,17.30687141418457
2013-12-02,17.156230926513672
2013-12-03,17.625892639160156
2013-12-04,17.584802627563477
2013-12-05,17.67506217956543
2013-12-06,17.429813385009766
2013-12-09,17.62931251525879
2013-12-10,17.601919174194336
2013-12-11,17.471515655517578
2013-12-12,17.445995330810547
2013-12-13,17.255828857421875
2013-12-16,17.35137367248535
2013-12-17,17.273256301879883
2013-12-18,17.141916275024414
2013-12-19,16.94552993774414
2013-12-20,17.087448120117188
2013-12-23,17.743223190307617
2013-12-24,17.66790199279785
2013-12-26,17.55057144165039
2013-12-27,17.43198585510254
2013-12-30,17.258628845214844
2013-12-31,17.460935592651367
2014-01-02,17.21536636352539
2014-01-03,16.83721923828125
2014-01-06,16.929035186767578
2014-01-07,16.807966232299805
2014-01-08,16.914409637451172
2014-01-09,16.698406219482422
2014-01-10,16.586978912353516
2014-01-13,16.673826217651367
2014-01-14,17.005590438842773
2014-01-15,17.347026824951172
2014-01-16,17.25023078918457
2014-01-17,16.82756805419922
2014-01-21,17.089008331298828
2014-01-22,17.164953231811523
2014-01-23,17.3102970123291
2014-01-24,16.99563217163086
2014-01-27,17.133516311645508
2014-01-28,15.764078140258789
2014-01-29,15.585115432739258
2014-01-30,15.554924964904785
2014-01-31,15.5804443359375
2014-02-03,15.60938835144043
2014-02-04,15.835351943969727
2014-02-05,15.953617095947266
2014-02-06,16.046607971191406
2014-02-07,16.27109718322754
2014-02-10,16.562593460083008
2014-02-11,16.780826568603516
2014-02-12,16.779571533203125
2014-02-13,17.04602813720703
2014-02-14,17.032245635986328
2014-02-18,17.094863891601562
2014-02-19,16.824970245361328
2014-02-20,16.630218505859375
2014-02-21,16.445491790771484
2014-02-24,16.517513275146484
2014-02-25,16.345619201660156
2014-02-26,16.198139190673828
2014-02-27,16.521272659301758
2014-02-28,16.476491928100586
2014-03-03,16.524080276489258
2014-03-04,16.63304328918457
2014-03-05,16.668109893798828
2014-03-06,16.61770248413086
2014-03-07,16.608001708984375
2014-03-10,16.62302589416504
2014-03-11,16.784900665283203
2014-03-12,16.801177978515625
2014-03-13,16.61457061767578
2014-03-14,16.42797088623047
2014-03-17,16.492151260375977
2014-03-18,16.6380558013916
2014-03-19,16.633663177490234
2014-03-20,16.553516387939453
2014-03-21,16.68408203125
2014-03-24,16.8819580078125
2014-03-25,17.063556671142578
2014-03-26,16.900432586669922
2014-03-27,16.827795028686523
2014-03-28,16.809005737304688
2014-03-31,16.805252075195312
2014-04-01,16.958982467651367
2014-04-02,16.987157821655273
2014-04-03,16.869434356689453
2014-04-04,16.651201248168945
2014-04-07,16.389766693115234
2014-04-08,16.38883399963379
2014-04-09,16.60424041748047
2014-04-10,16.39008331298828
2014-04-11,16.26891326904297
2014-04-14,16.33371925354004
2014-04-15,16.21725082397461
2014-04-16,16.250131607055664
2014-04-17,16.435794830322266
2014-04-21,16.630857467651367
2014-04-22,16.647449493408203
2014-04-23,16.429838180541992
2014-04-24,17.776796340942383
2014-04-25,17.9073543548584
2014-04-28,18.60087013244629
2014-04-29,18.545757293701172
2014-04-30,18.475627899169922
2014-05-01,18.51914405822754
2014-05-02,18.5535888671875
2014-05-05,18.815967559814453
2014-05-06,18.610885620117188
2014-05-07,18.545757293701172
2014-05-08,18.5127010345459
2014-05-09,18.435564041137695
2014-05-12,18.66509246826172
2014-05-13,18.694368362426758
2014-05-14,18.697834014892578
2014-05-15,18.538843154907227
2014-05-16,18.812440872192383
2014-05-19,19.035356521606445
2014-05-20,19.03913116455078
2014-05-21,19.089502334594727
2014-05-22,19.11972999572754
2014-05-23,19.33571434020996
2014-05-27,19.69778823852539
2014-05-28,19.64678192138672
2014-05-29,20.0047607421875
2014-05-30,19.929832458496094
2014-06-02,19.792875289916992
2014-06-03,20.072772979736328
2014-06-04,20.301979064941406
2014-06-05,20.381635665893555
2014-06-06,20.32558822631836
2014-06-09,20.65083122253418
2014-06-10,20.772048950195312
2014-06-11,20.686092376708984
2014-06-12,20.340078353881836
2014-06-13,20.11747932434082
2014-06-16,20.32024383544922
2014-06-17,20.293798446655273
2014-06-18,20.315832138061523
2014-06-19,20.245309829711914
2014-06-20,20.035934448242188
2014-06-23,20.01830291748047
2014-06-24,19.897090911865234
2014-06-25,19.914718627929688
2014-06-26,20.033733367919922
2014-06-27,20.271757125854492
2014-06-30,20.48113250732422
2014-07-01,20.611164093017578
2014-07-02,20.60235023498535
2014-07-03,20.723560333251953
2014-07-07,21.1511287689209
2014-07-08,21.01448631286621
2014-07-09,21.023296356201172
2014-07-10,20.946157455444336
2014-07-11,20.98583221435547
2014-07-14,21.256916046142578
2014-07-15,21.007869720458984
2014-07-16,20.88885498046875
2014-07-17,20.516387939453125
2014-07-18,20.81171989440918
2014-07-21,20.70372200012207
2014-07-22,20.875635147094727
2014-07-23,21.42000389099121
2014-07-24,21.384735107421875
2014-07-25,21.525794982910156
2014-07-28,21.823318481445312
2014-07-29,21.682270050048828
2014-07-30,21.63158416748047
2014-07-31,21.069578170776367
2014-08-01,21.186386108398438
2014-08-04,21.0673770904541
2014-08-05,20.963787078857422
2014-08-06,20.92853546142578
2014-08-07,20.926313400268555
2014-08-08,20.983901977539062
2014-08-11,21.260761260986328
2014-08-12,21.25633430480957
2014-08-13,21.537622451782227
2014-08-14,21.5952091217041
2014-08-15,21.701526641845703
2014-08-18,21.962886810302734
2014-08-19,22.266324996948242
2014-08-20,22.275177001953125
2014-08-21,22.277393341064453
2014-08-22,22.441295623779297
2014-08-25,22.490028381347656
2014-08-26,22.34606170654297
2014-08-27,22.620702743530273
2014-08-28,22.647287368774414
2014-08-29,22.702661514282227
2014-09-02,22.879854202270508
2014-09-03,21.91415786743164
2014-09-04,21.732528686523438
2014-09-05,21.920801162719727
2014-09-08,21.785696029663086
2014-09-09,21.703744888305664
2014-09-10,22.370420455932617
2014-09-11,22.465665817260742
2014-09-12,22.51660919189453
2014-09-15,22.509960174560547
2014-09-16,22.33942222595215
2014-09-17,22.498886108398438
2014-09-18,22.545398712158203
2014-09-19,22.36155891418457
2014-09-22,22.383710861206055
2014-09-23,22.733665466308594
2014-09-24,22.536542892456055
2014-09-25,21.677162170410156
2014-09-26,22.31505012512207
2014-09-29,22.17329216003418
2014-09-30,22.31505012512207
2014-10-01,21.967304229736328
2014-10-02,22.126789093017578
2014-10-03,22.06476402282715
2014-10-06,22.06476402282715
2014-10-07,21.8720760345459
2014-10-08,22.32612419128418
2014-10-09,22.374853134155273
2014-10-10,22.310626983642578
2014-10-13,22.106855392456055
2014-10-14,21.8720760345459
2014-10-15,21.60407066345215
2014-10-16,21.32056427001953
2014-10-17,21.63286590576172
2014-10-20,22.095781326293945
2014-10-21,22.696014404296875
2014-10-22,22.811187744140625
2014-10-23,23.218727111816406
2014-10-24,23.30510711669922
2014-10-27,23.280744552612305
2014-10-28,23.641767501831055
2014-10-29,23.7746639251709
2014-10-30,23.694929122924805
2014-10-31,23.920846939086914
2014-11-03,24.230928421020508
2014-11-04,24.053733825683594
2014-11-05,24.111331939697266
2014-11-06,24.18029022216797
2014-11-07,24.249250411987305
2014-11-10,24.209205627441406
2014-11-11,24.40273666381836
2014-11-12,24.747535705566406
2014-11-13,25.096773147583008
2014-11-14,25.39931297302246
2014-11-17,25.357044219970703
2014-11-18,25.68627166748047
2014-11-19,25.50830841064453
2014-11-20,25.87312889099121
2014-11-21,25.908721923828125
2014-11-24,26.38921356201172
2014-11-25,26.16008949279785
2014-11-26,26.471519470214844
2014-11-28,26.455955505371094
2014-12-01,25.597293853759766
2014-12-02,25.49941635131836
2014-12-03,25.788602828979492
2014-12-04,25.690723419189453
2014-12-05,25.58172607421875
2014-12-08,25.003353118896484
2014-12-09,25.385963439941406
2014-12-10,24.903247833251953
2014-12-11,24.8298397064209
2014-12-12,24.409406661987305
2014-12-15,24.07573699951172
2014-12-16,23.746511459350586
2014-12-17,24.338220596313477
2014-12-18,25.0589656829834
2014-12-19,24.86543083190918
2014-12-22,25.12347984313965
2014-12-23,25.034500122070312
2014-12-24,24.916597366333008
2014-12-26,25.357044219970703
2014-12-29,25.339250564575195
2014-12-30,25.030044555664062
2014-12-31,24.553997039794922
2015-01-02,24.3204288482666
2015-01-05,23.635286331176758
2015-01-06,23.637510299682617
2015-01-07,23.968961715698242
2015-01-08,24.88990592956543
2015-01-09,24.916597366333008
2015-01-12,24.30263328552246
2015-01-13,24.518415451049805
2015-01-14,24.42498016357422
2015-01-15,23.762081146240234
2015-01-16,23.57744598388672
2015-01-20,24.184736251831055
2015-01-21,24.369375228881836
2015-01-22,25.003353118896484
2015-01-23,25.132373809814453
2015-01-26,25.15906524658203
2015-01-27,24.278169631958008
2015-01-28,25.650684356689453
2015-01-29,26.44927406311035
2015-01-30,26.062213897705078
2015-02-02,26.38921356201172
2015-02-03,26.39366340637207
2015-02-04,26.596086502075195
2015-02-05,26.78592300415039
2015-02-06,26.560361862182617
2015-02-09,26.736783981323242
2015-02-10,27.25044059753418
2015-02-11,27.88916015625
2015-02-12,28.242019653320312
2015-02-13,28.38047981262207
2015-02-17,28.547975540161133
2015-02-18,28.74674415588379
2015-02-19,28.68644142150879
2015-02-20,28.920930862426758
2015-02-23,29.702585220336914
2015-02-24,29.51722526550293
2015-02-25,28.76236915588379
2015-02-26,29.126399993896484
2015-02-27,28.688674926757812
2015-03-02,28.82936668395996
2015-03-03,28.889665603637695
2015-03-04,28.706539154052734
2015-03-05,28.230854034423828
2015-03-06,28.27327537536621
2015-03-09,28.39388084411621
2015-03-10,27.80653190612793
2015-03-11,27.299570083618164
2015-03-12,27.793127059936523
2015-03-13,27.601072311401367
2015-03-16,27.904796600341797
2015-03-17,28.371549606323242
2015-03-18,28.69091033935547
2015-03-19,28.474281311035156
2015-03-20,28.116954803466797
2015-03-23,28.409507751464844
2015-03-24,28.293386459350586
2015-03-25,27.55416488647461
2015-03-26,27.746232986450195
2015-03-27,27.52513313293457
2015-03-30,28.221920013427734
2015-03-31,27.788663864135742
2015-04-01,27.748456954956055
2015-04-02,27.987428665161133
2015-04-06,28.440784454345703
2015-04-07,28.14151954650879
2015-04-08,28.049943923950195
2015-04-09,28.26435089111328
2015-04-10,28.38494873046875
2015-04-13,28.32911491394043
2015-04-14,28.206289291381836
2015-04-15,28.313486099243164
2015-04-16,28.177248001098633
2015-04-17,27.860130310058594
2015-04-20,28.496614456176758
2015-04-21,28.34251594543457
2015-04-22,28.724401473999023
2015-04-23,28.958906173706055
2015-04-24,29.09513282775879
2015-04-27,29.624420166015625
2015-04-28,29.157663345336914
2015-04-29,28.7288761138916
2015-04-30,27.94945526123047
2015-05-01,28.79810333251953
2015-05-04,28.742273330688477
2015-05-05,28.094619750976562
2015-05-06,27.918197631835938
2015-05-07,28.090877532958984
2015-05-08,28.620128631591797
2015-05-11,28.328594207763672
2015-05-12,28.227676391601562
2015-05-13,28.259069442749023
2015-05-14,28.918394088745117
2015-05-15,28.878028869628906
2015-05-18,29.196470260620117
2015-05-19,29.16956901550293
2015-05-20,29.16733169555664
2015-05-21,29.465595245361328
2015-05-22,29.723485946655273
2015-05-26,29.068645477294922
2015-05-27,29.611358642578125
2015-05-28,29.553056716918945
2015-05-29,29.216665267944336
2015-06-01,29.27496910095215
2015-06-02,29.144901275634766
2015-06-03,29.180776596069336
2015-06-04,29.010337829589844
2015-06-05,28.851112365722656
2015-06-08,28.660493850708008
2015-06-09,28.57527732849121
2015-06-10,28.9027042388916
2015-06-11,28.837663650512695
2015-06-12,28.519208908081055
2015-06-15,28.463150024414062
2015-06-16,28.61564826965332
2015-06-17,28.54836654663086
2015-06-18,28.678436279296875
2015-06-19,28.391380310058594
2015-06-22,28.617887496948242
2015-06-23,28.487812042236328
2015-06-24,28.730012893676758
2015-06-25,28.593219757080078
2015-06-26,28.425020217895508
2015-06-29,27.927165985107422
2015-06-30,28.128997802734375
2015-07-01,28.391380310058594
2015-07-02,28.35550880432129
2015-07-06,28.256832122802734
2015-07-07,28.18730354309082
2015-07-08,27.48761558532715
2015-07-09,26.926965713500977
2015-07-10,27.646841049194336
2015-07-13,28.180578231811523
2015-07-14,28.169363021850586
2015-07-15,28.440719604492188
2015-07-16,28.81971549987793
2015-07-17,29.068645477294922
2015-07-20,29.61808967590332
2015-07-21,29.322059631347656
2015-07-22,28.081905364990234
2015-07-23,28.06845474243164
2015-07-24,27.920438766479492
2015-07-27,27.5324649810791
2015-07-28,27.669265747070312
2015-07-29,27.58179473876953
2015-07-30,27.44275665283203
2015-07-31,27.202804565429688
2015-08-03,26.561424255371094
2015-08-04,25.7092227935791
2015-08-05,25.879663467407227
2015-08-06,25.935983657836914
2015-08-07,26.02383804321289
2015-08-10,26.970001220703125
2015-08-11,25.5665340423584
2015-08-12,25.960763931274414
2015-08-13,25.940488815307617
2015-08-14,26.122962951660156
2015-08-17,26.39329719543457
2015-08-18,26.244611740112305
2015-08-19,25.90895652770996
2015-08-20,25.377296447753906
2015-08-21,23.825157165527344
2015-08-24,23.23042106628418
2015-08-25,23.370092391967773
2015-08-26,24.710485458374023
2015-08-27,25.438129425048828
2015-08-28,25.521472930908203
2015-08-31,25.402084350585938
2015-09-01,24.26668930053711
2015-09-02,25.307462692260742
2015-09-03,24.86367416381836
2015-09-04,24.615861892700195
2015-09-08,25.300704956054688
2015-09-09,24.814105987548828
2015-09-10,25.359277725219727
2015-09-11,25.728729248046875
2015-09-14,25.976531982421875
2015-09-15,26.19504737854004
2015-09-16,26.22433090209961
2015-09-17,25.66339683532715
2015-09-18,25.55752182006836
2015-09-21,25.954008102416992
2015-09-22,25.54625701904297
2015-09-23,25.753509521484375
2015-09-24,25.906696319580078
2015-09-25,25.841373443603516
2015-09-28,25.329988479614258
2015-09-29,24.568559646606445
2015-09-30,24.847900390625
2015-10-01,24.685705184936523
2015-10-02,24.865922927856445
2015-10-05,24.95603370666504
2015-10-06,25.075429916381836
2015-10-07,24.95603370666504
2015-10-08,24.667678833007812
2015-10-09,25.25790786743164
2015-10-12,25.140758514404297
2015-10-13,25.183561325073242
2015-10-14,24.82762908935547
2015-10-15,25.199331283569336
2015-10-16,25.014602661132812
2015-10-19,25.170045852661133
2015-10-20,25.62960433959961
2015-10-21,25.627357482910156
2015-10-22,26.01934051513672
2015-10-23,26.825822830200195
2015-10-26,25.969770431518555
2015-10-27,25.805322647094727
2015-10-28,26.86863136291504
2015-10-29,27.152469635009766
2015-10-30,26.920438766479492
2015-11-02,27.298906326293945
2015-11-03,27.612037658691406
2015-11-04,27.48362922668457
2015-11-05,27.356935501098633
2015-11-06,27.38860321044922
2015-11-09,27.277748107910156
2015-11-10,26.41802978515625
2015-11-11,26.26871681213379
2015-11-12,26.18048858642578
2015-11-13,25.415796279907227
2015-11-16,25.832073211669922
2015-11-17,25.721214294433594
2015-11-18,26.535688400268555
2015-11-19,26.87278175354004
2015-11-20,26.990427017211914
2015-11-23,26.63974380493164
2015-11-24,26.89539909362793
2015-11-25,26.70310401916504
2015-11-27,26.6533260345459
2015-11-30,26.764183044433594
2015-12-01,26.546993255615234
2015-12-02,26.307172775268555
2015-12-03,26.062847137451172
2015-12-04,26.92933464050293
2015-12-07,26.75965690612793
2015-12-08,26.74834632873535
2015-12-09,26.157865524291992
2015-12-10,26.28229331970215
2015-12-11,25.60584259033203
2015-12-14,25.447465896606445
2015-12-15,24.997249603271484
2015-12-16,25.189550399780273
2015-12-17,24.655628204345703
2015-12-18,23.988224029541016
2015-12-21,24.282331466674805
2015-12-22,24.259708404541016
2015-12-23,24.571916580200195
2015-12-24,24.44070053100586
2015-12-28,24.16695213317871
2015-12-29,24.60133171081543
2015-12-30,24.280067443847656
2015-12-31,23.814016342163086
2016-01-04,23.834373474121094
2016-01-05,23.237102508544922
2016-01-06,22.782363891601562
2016-01-07,21.820842742919922
2016-01-08,21.936216354370117
2016-01-11,22.291419982910156
2016-01-12,22.614946365356445
2016-01-13,22.03350830078125
2016-01-14,22.515398025512695
2016-01-15,21.97468376159668
2016-01-19,21.86835479736328
2016-01-20,21.897762298583984
2016-01-21,21.78691291809082
2016-01-22,22.945249557495117
2016-01-25,22.497297286987305
2016-01-26,22.621728897094727
2016-01-27,21.135332107543945
2016-01-28,21.286911010742188
2016-01-29,22.02219009399414
2016-02-01,21.816312789916992
2016-02-02,21.375152587890625
2016-02-03,21.798208236694336
2016-02-04,21.973363876342773
2016-02-05,21.38649559020996
2016-02-08,21.6116943359375
2016-02-09,21.60714340209961
2016-02-10,21.44336700439453
2016-02-11,21.313709259033203
2016-02-12,21.37967300415039
2016-02-16,21.982463836669922
2016-02-17,22.319116592407227
2016-02-18,21.896026611328125
2016-02-19,21.845983505249023
2016-02-22,22.037059783935547
2016-02-23,21.538898468017578
2016-02-24,21.859636306762695
2016-02-25,22.009763717651367
2016-02-26,22.04388427734375
2016-02-29,21.993846893310547
2016-03-01,22.867313385009766
2016-03-02,22.917354583740234
2016-03-03,23.08795928955078
2016-03-04,23.431432723999023
2016-03-07,23.172122955322266
2016-03-08,22.981048583984375
2016-03-09,23.001522064208984
2016-03-10,23.012897491455078
2016-03-11,23.260835647583008
2016-03-14,23.319974899291992
2016-03-15,23.788557052612305
2016-03-16,24.104736328125
2016-03-17,24.06606674194336
2016-03-18,24.093364715576172
2016-03-21,24.091094970703125
2016-03-22,24.275341033935547
2016-03-23,24.141128540039062
2016-03-24,24.0364990234375
2016-03-28,23.927318572998047
2016-03-29,24.493709564208984
2016-03-30,24.921350479125977
2016-03-31,24.791688919067383
2016-04-01,25.0191593170166
2016-04-04,25.27619743347168
2016-04-05,24.978212356567383
2016-04-06,25.23979949951172
2016-04-07,24.689327239990234
2016-04-08,24.716623306274414
2016-04-11,24.798513412475586
2016-04-12,25.121519088745117
2016-04-13,25.485464096069336
2016-04-14,25.49911117553711
2016-04-15,24.987314224243164
2016-04-18,24.44821548461914
2016-04-19,24.318559646606445
2016-04-20,24.368602752685547
2016-04-21,24.104736328125
2016-04-22,24.038776397705078
2016-04-25,23.902294158935547
2016-04-26,23.736242294311523
2016-04-27,22.250877380371094
2016-04-28,21.570741653442383
2016-04-29,21.32280921936035
2016-05-02,21.300064086914062
2016-05-03,21.650365829467773
2016-05-04,21.425172805786133
2016-05-05,21.338205337524414
2016-05-06,21.219207763671875
2016-05-09,21.23522186279297
2016-05-10,21.37940216064453
2016-05-11,21.171146392822266
2016-05-12,20.674535751342773
2016-05-13,20.71571922302246
2016-05-16,21.484670639038086
2016-05-17,21.395427703857422
2016-05-18,21.640289306640625
2016-05-19,21.557907104492188
2016-05-20,21.79133415222168
2016-05-23,22.068246841430664
2016-05-24,22.4046573638916
2016-05-25,22.79828453063965
2016-05-26,22.979082107543945
2016-05-27,22.965343475341797
2016-05-31,22.853212356567383
2016-06-01,22.532812118530273
2016-06-02,22.36347007751465
2016-06-03,22.409231185913086
2016-06-06,22.571718215942383
2016-06-07,22.66326332092285
2016-06-08,22.642667770385742
2016-06-09,22.805150985717773
2016-06-10,22.61749267578125
2016-06-13,22.276500701904297
2016-06-14,22.303964614868164
2016-06-15,22.230737686157227
2016-06-16,22.32456398010254
2016-06-17,21.816509246826172
2016-06-20,21.763874053955078
2016-06-21,21.949241638183594
2016-06-22,21.866849899291992
2016-06-23,21.99272346496582
2016-06-24,21.374826431274414
2016-06-27,21.06358528137207
2016-06-28,21.41830062866211
2016-06-29,21.60367774963379
2016-06-30,21.8783016204834
2016-07-01,21.944669723510742
2016-07-05,21.738698959350586
2016-07-06,21.86227798461914
2016-07-07,21.95611000061035
2016-07-08,22.12546730041504
2016-07-11,22.194110870361328
2016-07-12,22.29480743408203
2016-07-13,22.16893768310547
2016-07-14,22.60833740234375
2016-07-15,22.606050491333008
2016-07-18,22.84634017944336
2016-07-19,22.855501174926758
2016-07-20,22.876094818115234
2016-07-21,22.75480079650879
2016-07-22,22.578588485717773
2016-07-25,22.276500701904297
2016-07-26,22.123170852661133
2016-07-27,23.56035804748535
2016-07-28,23.87847137451172
2016-07-29,23.848716735839844
2016-08-01,24.26980972290039
2016-08-02,23.910507202148438
2016-08-03,24.21030616760254
2016-08-04,24.359867095947266
2016-08-05,24.730316162109375
2016-08-08,24.935096740722656
2016-08-09,25.036334991455078
2016-08-10,24.849956512451172
2016-08-11,24.8338565826416
2016-08-12,24.89137840270996
2016-08-15,25.19049644470215
2016-08-16,25.167482376098633
2016-08-17,25.130672454833984
2016-08-18,25.09846305847168
2016-08-19,25.162885665893555
2016-08-22,24.967304229736328
2016-08-23,25.045534133911133
2016-08-24,24.85686492919922
2016-08-25,24.751020431518555
2016-08-26,24.606067657470703
2016-08-29,24.57845115661621
2016-08-30,24.389774322509766
2016-08-31,24.412782669067383
2016-09-01,24.557743072509766
2016-09-02,24.78783416748047
2016-09-06,24.780925750732422
2016-09-07,24.932796478271484
2016-09-08,24.27933120727539
2016-09-09,23.729412078857422
2016-09-12,24.26093101501465
2016-09-13,24.83845329284668
2016-09-14,25.717405319213867
2016-09-15,26.59176254272461
2016-09-16,26.442197799682617
2016-09-19,26.13387680053711
2016-09-20,26.131580352783203
2016-09-21,26.126972198486328
2016-09-22,26.37317657470703
2016-09-23,25.933692932128906
2016-09-26,25.972810745239258
2016-09-27,26.02113151550293
2016-09-28,26.219009399414062
2016-09-29,25.811744689941406
2016-09-30,26.01192855834961
2016-10-03,25.88998031616211
2016-10-04,26.000425338745117
2016-10-05,26.01192855834961
2016-10-06,26.205204010009766
2016-10-07,26.24432373046875
2016-10-10,26.70220947265625
2016-10-11,26.759727478027344
2016-10-12,26.999019622802734
2016-10-13,26.916187286376953
2016-10-14,27.065746307373047
2016-10-17,27.047348022460938
2016-10-18,27.0289363861084
2016-10-19,26.948400497436523
2016-10-20,26.934598922729492
2016-10-21,26.828752517700195
2016-10-24,27.07034683227539
2016-10-25,27.208406448364258
2016-10-26,26.596363067626953
2016-10-27,26.340953826904297
2016-10-28,26.166091918945312
2016-10-31,26.124671936035156
2016-11-01,25.652984619140625
2016-11-02,25.67599105834961
2016-11-03,25.400779724121094
2016-11-04,25.171815872192383
2016-11-07,25.534908294677734
2016-11-08,25.685245513916016
2016-11-09,25.643613815307617
2016-11-10,24.928979873657227
2016-11-11,25.076997756958008
2016-11-14,24.44792938232422
2016-11-15,24.771709442138672
2016-11-16,25.437780380249023
2016-11-17,25.428529739379883
2016-11-18,25.453968048095703
2016-11-21,25.84019660949707
2016-11-22,25.85638427734375
2016-11-23,25.724559783935547
2016-11-25,25.85407257080078
2016-11-28,25.80318832397461
2016-11-29,25.777751922607422
2016-11-30,25.56035614013672
2016-12-01,25.322141647338867
2016-12-02,25.416961669921875
2016-12-05,25.23426055908203
2016-12-06,25.428529739379883
2016-12-07,25.678306579589844
2016-12-08,25.93039321899414
2016-12-09,26.353620529174805
2016-12-12,26.20329475402832
2016-12-13,26.64040184020996
2016-12-14,26.64040184020996
2016-12-15,26.786104202270508
2016-12-16,26.820802688598633
2016-12-19,26.97574806213379
2016-12-20,27.047439575195312
2016-12-21,27.072885513305664
2016-12-22,26.89480209350586
2016-12-23,26.947996139526367
2016-12-27,27.119144439697266
2016-12-28,27.003503799438477
2016-12-29,26.99656105041504
2016-12-30,26.786104202270508
2017-01-03,26.862422943115234
2017-01-04,26.83235740661621
2017-01-05,26.968809127807617
2017-01-06,27.269468307495117
2017-01-09,27.519243240356445
2017-01-10,27.546993255615234
2017-01-11,27.695009231567383
2017-01-12,27.579376220703125
2017-01-13,27.530807495117188
2017-01-17,27.752824783325195
2017-01-18,27.750513076782227
2017-01-19,27.70194435119629
2017-01-20,27.752824783325195
2017-01-23,27.771333694458008
2017-01-24,27.745885848999023
2017-01-25,28.187625885009766
2017-01-26,28.201499938964844
2017-01-27,28.203811645507812
2017-01-30,28.12980842590332
2017-01-31,28.065052032470703
2017-02-01,29.776470184326172
2017-02-02,29.725589752197266
2017-02-03,29.85279655456543
2017-02-06,30.132631301879883
2017-02-07,30.419416427612305
2017-02-08,30.53736114501953
2017-02-09,30.758026123046875
2017-02-10,30.688344955444336
2017-02-13,30.960107803344727
2017-02-14,31.3619327545166
2017-02-15,31.475757598876953
2017-02-16,31.438594818115234
2017-02-17,31.524538040161133
2017-02-21,31.752166748046875
2017-02-22,31.8474063873291
2017-02-23,31.712682723999023
2017-02-24,31.742874145507812
2017-02-27,31.805583953857422
2017-02-28,31.81954002380371
2017-03-01,32.46989822387695
2017-03-02,32.2771110534668
2017-03-03,32.46758270263672
2017-03-06,32.3653678894043
2017-03-07,32.407188415527344
2017-03-08,32.286399841308594
2017-03-09,32.21207809448242
2017-03-10,32.31892395019531
2017-03-13,32.33285140991211
2017-03-14,32.28408432006836
2017-03-15,32.625526428222656
2017-03-16,32.6789436340332
2017-03-17,32.5163459777832
2017-03-20,32.85780715942383
2017-03-21,32.481502532958984
2017-03-22,32.84850311279297
2017-03-23,32.732364654541016
2017-03-24,32.667335510253906
2017-03-27,32.72309112548828
2017-03-28,33.40132522583008
2017-03-29,33.47565460205078
2017-03-30,33.43152618408203
2017-03-31,33.368812561035156
2017-04-03,33.37810134887695
2017-04-04,33.62664031982422
2017-04-05,33.45243453979492
2017-04-06,33.368812561035156
2017-04-07,33.29448318481445
2017-04-10,33.2549934387207
2017-04-11,32.897300720214844
2017-04-12,32.93677520751953
2017-04-13,32.76258087158203
2017-04-17,32.943756103515625
2017-04-18,32.79740905761719
2017-04-19,32.6766242980957
2017-04-20,33.08543395996094
2017-04-21,33.045955657958984
2017-04-24,33.36416244506836
2017-04-25,33.57088851928711
2017-04-26,33.37345886230469
2017-04-27,33.399009704589844
2017-04-28,33.366485595703125
2017-05-01,34.047061920166016
2017-05-02,34.26306915283203
2017-05-03,34.1585578918457
2017-05-04,34.03543472290039
2017-05-05,34.59986877441406
2017-05-08,35.54059600830078
2017-05-09,35.768226623535156
2017-05-10,35.598670959472656
2017-05-11,35.906532287597656
2017-05-12,36.40800094604492
2017-05-15,36.314697265625
2017-05-16,36.26104736328125
2017-05-17,35.043556213378906
2017-05-18,35.57768249511719
2017-05-19,35.69895553588867
2017-05-22,35.915870666503906
2017-05-23,35.87154769897461
2017-05-24,35.76425552368164
2017-05-25,35.887874603271484
2017-05-26,35.82722854614258
2017-05-30,35.84122848510742
2017-05-31,35.62898254394531
2017-06-01,35.726932525634766
2017-06-02,36.25638961791992
2017-06-05,35.90187072753906
2017-06-06,36.02313995361328
2017-06-07,36.237728118896484
2017-06-08,36.14909744262695
2017-06-09,34.74734878540039
2017-06-12,33.91702651977539
2017-06-13,34.18992614746094
2017-06-14,33.85639953613281
2017-06-15,33.653480529785156
2017-06-16,33.18235397338867
2017-06-19,34.13161849975586
2017-06-20,33.821407318115234
2017-06-21,34.02199172973633
2017-06-22,33.966007232666016
2017-06-23,34.117618560791016
2017-06-26,34.010337829589844
2017-06-27,33.52285385131836
2017-06-28,34.01266860961914
2017-06-29,33.5112190246582
2017-06-30,33.59050750732422
2017-07-03,33.4692268371582
2017-07-05,33.606842041015625
2017-07-06,33.289634704589844
2017-07-07,33.62782669067383
2017-07-10,33.83308029174805
2017-07-11,33.942691802978516
2017-07-12,33.99168014526367
2017-07-13,34.46512985229492
2017-07-14,34.76134490966797
2017-07-17,34.882625579833984
2017-07-18,35.003910064697266
2017-07-19,35.2231559753418
2017-07-20,35.06455993652344
2017-07-21,35.0482292175293
2017-07-24,35.47271728515625
2017-07-25,35.62432098388672
2017-07-26,35.792259216308594
2017-07-27,35.11586380004883
2017-07-28,34.8686408996582
2017-07-31,34.68904113769531
2017-08-01,34.99691390991211
2017-08-02,36.65054702758789
2017-08-03,36.28437805175781
2017-08-04,36.47562789916992
2017-08-07,37.04005432128906
2017-08-08,37.33625411987305
2017-08-09,37.56483840942383
2017-08-10,36.368324279785156
2017-08-11,36.87409210205078
2017-08-14,37.42903518676758
2017-08-15,37.838783264160156
2017-08-16,37.68659210205078
2017-08-17,36.96305465698242
2017-08-18,36.87876510620117
2017-08-21,36.81087875366211
2017-08-22,37.412635803222656
2017-08-23,37.45946502685547
2017-08-24,37.29322814941406
2017-08-25,37.43136978149414
2017-08-28,37.808353424072266
2017-08-29,38.145530700683594
2017-08-30,38.24856185913086
2017-08-31,38.4007453918457
2017-09-01,38.4124641418457
2017-09-05,37.9511833190918
2017-09-06,37.911380767822266
2017-09-07,37.7591667175293
2017-09-08,37.143367767333984
2017-09-11,37.81538009643555
2017-09-12,37.66551208496094
2017-09-13,37.38219451904297
2017-09-14,37.0614128112793
2017-09-15,37.4360466003418
2017-09-18,37.152732849121094
2017-09-19,37.16676330566406
2017-09-20,36.5439338684082
2017-09-21,35.91641616821289
2017-09-22,35.565181732177734
2017-09-25,35.25142288208008
2017-09-26,35.857872009277344
2017-09-27,36.11309814453125
2017-09-28,35.89065170288086
2017-09-29,36.087337493896484
2017-10-02,36.0147590637207
2017-10-03,36.171634674072266
2017-10-04,35.93747329711914
2017-10-05,36.38470458984375
2017-10-06,36.3636360168457
2017-10-09,36.490081787109375
2017-10-10,36.504127502441406
2017-10-11,36.65632629394531
2017-10-12,36.52753829956055
2017-10-13,36.75935745239258
2017-10-16,37.4360466003418
2017-10-17,37.57420349121094
2017-10-18,37.4079475402832
2017-10-19,36.52287292480469
2017-10-20,36.58607864379883
2017-10-23,36.567352294921875
2017-10-24,36.78512191772461
2017-10-25,36.6235466003418
2017-10-26,36.85770034790039
2017-10-27,38.178306579589844
2017-10-30,39.03765106201172
2017-10-31,39.58087158203125
2017-11-01,39.077457427978516
2017-11-02,39.36310958862305
2017-11-03,40.39103317260742
2017-11-06,40.800804138183594
2017-11-07,40.93192672729492
2017-11-08,41.266754150390625
2017-11-09,41.18247604370117
2017-11-10,41.046165466308594
2017-11-13,40.881675720214844
2017-11-14,40.263648986816406
2017-11-15,39.73256301879883
2017-11-16,40.207252502441406
2017-11-17,39.984004974365234
2017-11-20,39.944053649902344
2017-11-21,40.6866340637207
2017-11-22,41.11432647705078
2017-11-24,41.116661071777344
2017-11-27,40.909873962402344
2017-11-28,40.67018508911133
2017-11-29,39.826560974121094
2017-11-30,40.383506774902344
2017-12-01,40.195491790771484
2017-12-04,39.90174865722656
2017-12-05,39.86416244506836
2017-12-06,39.71611404418945
2017-12-07,39.788963317871094
2017-12-08,39.80070877075195
2017-12-11,40.57619094848633
2017-12-12,40.348243713378906
2017-12-13,40.4821891784668
2017-12-14,40.47043228149414
2017-12-15,40.881675720214844
2017-12-18,41.45740509033203
2017-12-19,41.015621185302734
2017-12-20,40.97098159790039
2017-12-21,41.12606430053711
2017-12-22,41.12606430053711
2017-12-26,40.08271026611328
2017-12-27,40.08976364135742
2017-12-28,40.20256042480469
2017-12-29,39.76780700683594
2018-01-02,40.479835510253906
2018-01-03,40.472782135009766
2018-01-04,40.66078567504883
2018-01-05,41.123714447021484
2018-01-08,40.97098159790039
2018-01-09,40.96627426147461
2018-01-10,40.95686340332031
2018-01-11,41.18952178955078
2018-01-12,41.614845275878906
2018-01-16,41.40336227416992
2018-01-17,42.08718490600586
2018-01-18,42.12478256225586
2018-01-19,41.936798095703125
2018-01-22,41.59370803833008
2018-01-23,41.60309982299805
2018-01-24,40.9404182434082
2018-01-25,40.2095947265625
2018-01-26,40.303592681884766
2018-01-29,39.4693717956543
2018-01-30,39.23672103881836
2018-01-31,39.34482192993164
2018-02-01,39.42707443237305
2018-02-02,37.71632766723633
2018-02-05,36.77400588989258
2018-02-06,38.310848236083984
2018-02-07,37.4907341003418
2018-02-08,36.459110260009766
2018-02-09,36.90505599975586
2018-02-12,38.39155197143555
2018-02-13,38.77614974975586
2018-02-14,39.4910774230957
2018-02-15,40.81711959838867
2018-02-16,40.68498992919922
2018-02-20,40.54814529418945
2018-02-21,40.364097595214844
2018-02-22,40.70151138305664
2018-02-23,41.409366607666016
2018-02-26,42.22811508178711
2018-02-27,42.091251373291016
2018-02-28,42.02754211425781
2018-03-01,41.29137420654297
2018-03-02,41.576881408691406
2018-03-05,41.7208137512207
2018-03-06,41.685420989990234
2018-03-07,41.298465728759766
2018-03-08,41.749141693115234
2018-03-09,42.46641159057617
2018-03-12,42.87697219848633
2018-03-13,42.46406555175781
2018-03-14,42.10305404663086
2018-03-15,42.15259552001953
2018-03-16,42.00395202636719
2018-03-19,41.36217498779297
2018-03-20,41.34800720214844
2018-03-21,40.411293029785156
2018-03-22,39.84028625488281
2018-03-23,38.91771697998047
2018-03-26,40.765220642089844
2018-03-27,39.719947814941406
2018-03-28,39.281089782714844
2018-03-29,39.587825775146484
2018-04-02,39.328277587890625
2018-04-03,39.731746673583984
2018-04-04,40.49150466918945
2018-04-05,40.77229309082031
2018-04-06,39.72938919067383
2018-04-09,40.123416900634766
2018-04-10,40.87847900390625
2018-04-11,40.68735122680664
2018-04-12,41.088478088378906
2018-04-13,41.22768020629883
2018-04-16,41.4848747253418
2018-04-17,42.05586624145508
2018-04-18,41.96146774291992
2018-04-19,40.77229309082031
2018-04-20,39.10175323486328
2018-04-23,38.98850631713867
2018-04-24,38.44581604003906
2018-04-25,38.61334228515625
2018-04-26,38.747833251953125
2018-04-27,38.29952621459961
2018-04-30,38.993221282958984
2018-05-01,39.8992805480957
2018-05-02,41.66183090209961
2018-05-03,41.737335205078125
2018-05-04,43.37483596801758
2018-05-07,43.68864059448242
2018-05-08,43.89863967895508
2018-05-09,44.207740783691406
2018-05-10,44.840091705322266
2018-05-11,44.6695442199707
2018-05-14,44.565330505371094
2018-05-15,44.16030502319336
2018-05-16,44.57242965698242
2018-05-17,44.29056930541992
2018-05-18,44.12950134277344
2018-05-21,44.44215393066406
2018-05-22,44.33084487915039
2018-05-23,44.61507034301758
2018-05-24,44.565330505371094
2018-05-25,44.66717529296875
2018-05-29,44.506099700927734
2018-05-30,44.41136169433594
2018-05-31,44.26213836669922
2018-06-01,45.06037139892578
2018-06-04,45.43697738647461
2018-06-05,45.78752517700195
2018-06-06,45.94622802734375
2018-06-07,45.82305908203125
2018-06-08,45.40617370605469
2018-06-11,45.29484558105469
2018-06-12,45.54356002807617
2018-06-13,45.1693229675293
2018-06-14,45.19300842285156
2018-06-15,44.728755950927734
2018-06-18,44.70507049560547
2018-06-19,43.98265075683594
2018-06-20,44.174503326416016
2018-06-21,43.92816925048828
2018-06-22,43.800270080566406
2018-06-25,43.14890670776367
2018-06-26,43.684207916259766
2018-06-27,43.6202507019043
2018-06-28,43.93763732910156
2018-06-29,43.845272064208984
2018-07-02,44.335575103759766
2018-07-03,43.563392639160156
2018-07-05,43.91394805908203
2018-07-06,44.522701263427734
2018-07-09,45.140907287597656
2018-07-10,45.086421966552734
2018-07-11,44.501373291015625
2018-07-12,45.24748229980469
2018-07-13,45.31854248046875
2018-07-16,45.21905517578125
2018-07-17,45.346961975097656
2018-07-18,45.098262786865234
2018-07-19,45.448814392089844
2018-07-20,45.344600677490234
2018-07-23,45.38486099243164
2018-07-24,45.71409606933594
2018-07-25,46.14518356323242
2018-07-26,46.000701904296875
2018-07-27,45.23564147949219
2018-07-30,44.982208251953125
2018-07-31,45.072208404541016
2018-08-01,47.7274169921875
2018-08-02,49.12252426147461
2018-08-03,49.26464080810547
2018-08-06,49.520450592041016
2018-08-07,49.05619430541992
2018-08-08,49.08937072753906
2018-08-09,49.47544479370117
2018-08-10,49.32807540893555
2018-08-13,49.64657974243164
2018-08-14,49.85575485229492
2018-08-15,49.97222900390625
2018-08-16,50.70432662963867
2018-08-17,51.71688461303711
2018-08-20,51.21297073364258
2018-08-21,51.11314010620117
2018-08-22,51.115516662597656
2018-08-23,51.22011184692383
2018-08-24,51.37936019897461
2018-08-27,51.80244064331055
2018-08-28,52.22077941894531
2018-08-29,53.000396728515625
2018-08-30,53.48767852783203
2018-08-31,54.10567855834961
2018-09-04,54.27919006347656
2018-09-05,53.92502975463867
2018-09-06,53.0289421081543
2018-09-07,52.60108947753906
2018-09-10,51.895137786865234
2018-09-11,53.20720291137695
2018-09-12,52.54643249511719
2018-09-13,53.81568908691406
2018-09-14,53.20481872558594
2018-09-17,51.78818130493164
2018-09-18,51.873756408691406
2018-09-19,51.9046516418457
2018-09-20,52.299224853515625
2018-09-21,51.73588562011719
2018-09-24,52.47986602783203
2018-09-25,52.8126335144043
2018-09-26,52.39192581176758
2018-09-27,53.46866226196289
2018-09-28,53.656436920166016
2018-10-01,54.017723083496094
2018-10-02,54.497859954833984
2018-10-03,55.161014556884766
2018-10-04,54.19124984741211
2018-10-05,53.31178283691406
2018-10-08,53.18818283081055
2018-10-09,53.92502975463867
2018-10-10,51.42689895629883
2018-10-11,50.972900390625
2018-10-12,52.79362106323242
2018-10-15,51.664581298828125
2018-10-16,52.803123474121094
2018-10-17,52.574951171875
2018-10-18,51.346073150634766
2018-10-19,52.12808609008789
2018-10-22,52.44658660888672
2018-10-23,52.94098663330078
2018-10-24,51.125030517578125
2018-10-25,52.24454116821289
2018-10-26,51.412628173828125
2018-10-29,50.44761276245117
2018-10-30,50.69955062866211
2018-10-31,52.02113342285156
2018-11-01,52.819766998291016
2018-11-02,49.316192626953125
2018-11-05,47.916194915771484
2018-11-06,48.434356689453125
2018-11-07,49.90328598022461
2018-11-08,49.72917938232422
2018-11-09,48.77032470703125
2018-11-12,46.31356430053711
2018-11-13,45.850830078125
2018-11-14,44.555660247802734
2018-11-15,45.65524673461914
2018-11-16,46.16090393066406
2018-11-19,44.33145523071289
2018-11-20,42.21339416503906
2018-11-21,42.16568374633789
2018-11-23,41.094730377197266
2018-11-26,41.65047073364258
2018-11-27,41.55984115600586
2018-11-28,43.157928466796875
2018-11-29,42.826385498046875
2018-11-30,42.59501647949219
2018-12-03,44.08339309692383
2018-12-04,42.14421844482422
2018-12-06,41.67433166503906
2018-12-07,40.1883544921875
2018-12-10,40.453102111816406
2018-12-11,40.22174072265625
2018-12-12,40.3338508605957
2018-12-13,40.77511215209961
2018-12-14,39.470394134521484
2018-12-17,39.10307693481445
2018-12-18,39.61112594604492
2018-12-19,38.375587463378906
2018-12-20,37.407188415527344
2018-12-21,35.95222473144531
2018-12-24,35.021995544433594
2018-12-26,37.48830032348633
2018-12-27,37.24500274658203
2018-12-28,37.26408004760742
2018-12-31,37.62424850463867
2019-01-02,37.667179107666016
2019-01-03,33.915260314941406
2019-01-04,35.363075256347656
2019-01-07,35.284358978271484
2019-01-08,35.95698928833008
2019-01-09,36.567596435546875
2019-01-10,36.68448257446289
2019-01-11,36.324310302734375
2019-01-14,35.7780876159668
2019-01-15,36.51035690307617
2019-01-16,36.95638656616211
2019-01-17,37.17583465576172
2019-01-18,37.404808044433594
2019-01-22,36.565223693847656
2019-01-23,36.71310043334961
2019-01-24,36.4221076965332
2019-01-25,37.6290168762207
2019-01-28,37.28078842163086
2019-01-29,36.89437484741211
2019-01-30,39.415531158447266
2019-01-31,39.699378967285156
2019-02-01,39.71846389770508
2019-02-04,40.84666061401367
2019-02-05,41.5455322265625
2019-02-06,41.55984115600586
2019-02-07,40.77272415161133
2019-02-08,40.82062911987305
2019-02-11,40.58586883544922
2019-02-12,40.93561553955078
2019-02-13,40.765541076660156
2019-02-14,40.9140510559082
2019-02-15,40.823028564453125
2019-02-19,40.9451904296875
2019-02-20,41.20868682861328
2019-02-21,40.9763298034668
2019-02-22,41.43386459350586
2019-02-25,41.73568344116211
2019-02-26,41.75963592529297
2019-02-27,41.88899612426758
2019-02-28,41.47698211669922
2019-03-01,41.91294860839844
2019-03-04,42.12374496459961
2019-03-05,42.047096252441406
2019-03-06,41.80515670776367
2019-03-07,41.32128143310547
2019-03-08,41.41948318481445
2019-03-11,42.8543586730957
2019-03-12,43.335838317871094
2019-03-13,43.52747344970703
2019-03-14,44.011356353759766
2019-03-15,44.58385467529297
2019-03-18,45.03899383544922
2019-03-19,44.68207931518555
2019-03-20,45.072532653808594
2019-03-21,46.732566833496094
2019-03-22,45.76481628417969
2019-03-25,45.211463928222656
2019-03-26,44.74435806274414
2019-03-27,45.14679718017578
2019-03-28,45.206668853759766
2019-03-29,45.50130844116211
2019-04-01,45.81032943725586
2019-04-02,46.47626876831055
2019-04-03,46.79485321044922
2019-04-04,46.87629318237305
2019-04-05,47.190093994140625
2019-04-08,47.932682037353516
2019-04-09,47.7889518737793
2019-04-10,48.0572509765625
2019-04-11,47.657196044921875
2019-04-12,47.638038635253906
2019-04-15,47.72427749633789
2019-04-16,47.72906494140625
2019-04-17,48.65849685668945
2019-04-18,48.83336639404297
2019-04-22,48.99385452270508
2019-04-23,49.70051956176758
2019-04-24,49.62385559082031
2019-04-25,49.17351531982422
2019-04-26,48.93876647949219
2019-04-29,49.013023376464844
2019-04-30,48.0692138671875
2019-05-01,50.42873001098633
2019-05-02,50.10055160522461
2019-05-03,50.72336196899414
2019-05-06,49.9400520324707
2019-05-07,48.59382247924805
2019-05-08,48.6033935546875
2019-05-09,48.08119583129883
2019-05-10,47.415103912353516
2019-05-13,44.65937042236328
2019-05-14,45.366329193115234
2019-05-15,45.90978240966797
2019-05-16,45.70779037475586
2019-05-17,45.448097229003906
2019-05-20,44.02692794799805
2019-05-21,44.870975494384766
2019-05-22,43.95240020751953
2019-05-23,43.2021369934082
2019-05-24,43.036224365234375
2019-05-28,42.85826873779297
2019-05-29,42.65386962890625
2019-05-30,42.87511444091797
2019-05-31,42.0984001159668
2019-06-03,41.67277908325195
2019-06-04,43.19733810424805
2019-06-05,43.894683837890625
2019-06-06,44.53913497924805
2019-06-07,45.72462844848633
2019-06-10,46.3089714050293
2019-06-11,46.84519958496094
2019-06-12,46.69611740112305
2019-06-13,46.68649673461914
2019-06-14,46.34743881225586
2019-06-17,46.62397766113281
2019-06-18,47.720497131347656
2019-06-19,47.581024169921875
2019-06-20,47.96337127685547
2019-06-21,47.79985427856445
2019-06-24,47.75175857543945
2019-06-25,47.0279655456543
2019-06-26,48.04513168334961
2019-06-27,48.030696868896484
2019-06-28,47.593048095703125
2019-07-01,48.465946197509766
2019-07-02,48.74970245361328
2019-07-03,49.1536865234375
2019-07-05,49.11039352416992
2019-07-08,48.09804153442383
2019-07-09,48.39140319824219
2019-07-10,48.869930267333984
2019-07-11,48.514041900634766
2019-07-12,48.88676452636719
2019-07-15,49.3460578918457
2019-07-16,49.175323486328125
2019-07-17,48.898780822753906
2019-07-18,49.45426559448242
2019-07-19,48.71602249145508
2019-07-22,49.82938766479492
2019-07-23,50.21894073486328
2019-07-24,50.17806625366211
2019-07-25,49.78129959106445
2019-07-26,49.954429626464844
2019-07-29,50.42094039916992
2019-07-30,50.20450973510742
2019-07-31,51.22890853881836
2019-08-01,50.12035369873047
2019-08-02,49.05989456176758
2019-08-05,46.4917106628418
2019-08-06,47.371822357177734
2019-08-07,47.86237335205078
2019-08-08,48.91801834106445
2019-08-09,48.514923095703125
2019-08-12,48.391807556152344
2019-08-13,50.441123962402344
2019-08-14,48.93974685668945
2019-08-15,48.695945739746094
2019-08-16,49.84492111206055
2019-08-19,50.77423858642578
2019-08-20,50.77664566040039
2019-08-21,51.32698059082031
2019-08-22,51.283538818359375
2019-08-23,48.9131965637207
2019-08-26,49.84250259399414
2019-08-27,49.28009033203125
2019-08-28,49.610782623291016
2019-08-29,50.45077896118164
2019-08-30,50.3856086730957
2019-09-03,49.65181350708008
2019-09-04,50.494224548339844
2019-09-05,51.481475830078125
2019-09-06,51.47664260864258
2019-09-09,51.696292877197266
2019-09-10,52.3069953918457
2019-09-11,53.970096588134766
2019-09-12,53.84940719604492
2019-09-13,52.801815032958984
2019-09-16,53.079410552978516
2019-09-17,53.27250671386719
2019-09-18,53.77217102050781
2019-09-19,53.33526611328125
2019-09-20,52.555606842041016
2019-09-23,52.79457473754883
2019-09-24,52.543548583984375
2019-09-25,53.3521614074707
2019-09-26,53.077003479003906
2019-09-27,52.81871795654297
2019-09-30,54.06181335449219
2019-10-01,54.21146774291992
2019-10-02,52.85251235961914
2019-10-03,53.30147171020508
2019-10-04,54.79561233520508
2019-10-07,54.807674407958984
2019-10-08,54.165611267089844
2019-10-09,54.80044174194336
2019-10-10,55.539066314697266
2019-10-11,57.01630401611328
2019-10-14,56.93423080444336
2019-10-15,56.80148696899414
2019-10-16,56.57215881347656
2019-10-17,56.79183578491211
2019-10-18,57.06459426879883
2019-10-21,58.05424880981445
2019-10-22,57.921485900878906
2019-10-23,58.698726654052734
2019-10-24,58.79528045654297
2019-10-25,59.51941680908203
2019-10-28,60.11562728881836
2019-10-29,58.72527313232422
2019-10-30,58.718040466308594
2019-10-31,60.045631408691406
2019-11-01,61.749778747558594
2019-11-04,62.1552848815918
2019-11-05,62.065975189208984
2019-11-06,62.0925178527832
2019-11-07,62.809146881103516
2019-11-08,62.981056213378906
2019-11-11,63.47978973388672
2019-11-12,63.42168045043945
2019-11-13,64.02935791015625
2019-11-14,63.586307525634766
2019-11-15,64.3416748046875
2019-11-18,64.66609191894531
2019-11-19,64.46997833251953
2019-11-20,63.71946716308594
2019-11-21,63.433780670166016
2019-11-22,63.37809753417969
2019-11-25,64.4893569946289
2019-11-26,63.98576736450195
2019-11-27,64.84525299072266
2019-11-29,64.7024154663086
2019-12-02,63.954288482666016
2019-12-03,62.814002990722656
2019-12-04,63.36839294433594
2019-12-05,64.29810333251953
2019-12-06,65.54008483886719
2019-12-09,64.62254333496094
2019-12-10,65.00020599365234
2019-12-11,65.55461883544922
2019-12-12,65.72166442871094
2019-12-13,66.61502075195312
2019-12-16,67.75534057617188
2019-12-17,67.88851165771484
2019-12-18,67.7262954711914
2019-12-19,67.7940673828125
2019-12-20,67.65367126464844
2019-12-23,68.75767517089844
2019-12-24,68.82303619384766
2019-12-26,70.18851470947266
2019-12-27,70.16187286376953
2019-12-30,70.57827758789062
2019-12-31,71.09395599365234
2020-01-02,72.716064453125
2020-01-03,72.00912475585938
2020-01-06,72.58290100097656
2020-01-07,72.24154663085938
2020-01-08,73.40364837646484
2020-01-09,74.96280670166016
2020-01-10,75.13227081298828
2020-01-13,76.73743438720703
2020-01-14,75.70121765136719
2020-01-15,75.37678527832031
2020-01-16,76.32099914550781
2020-01-17,77.16596221923828
2020-01-21,76.64301300048828
2020-01-22,76.91658020019531
2020-01-23,77.28699493408203
2020-01-24,77.06426239013672
2020-01-27,74.79814910888672
2020-01-28,76.91415405273438
2020-01-29,78.52416229248047
2020-01-30,78.41036224365234
2020-01-31,74.93376922607422
2020-02-03,74.72796630859375
2020-02-04,77.19501495361328
2020-02-05,77.82447814941406
2020-02-06,78.73479461669922
2020-02-07,77.66458129882812
2020-02-10,78.03343963623047
2020-02-11,77.56263732910156
2020-02-12,79.40458679199219
2020-02-13,78.83914184570312
2020-02-14,78.85855865478516
2020-02-18,77.41460418701172
2020-02-19,78.5357894897461
2020-02-20,77.73009490966797
2020-02-21,75.97066497802734
2020-02-24,72.36203002929688
2020-02-25,69.91096496582031
2020-02-26,71.02001190185547
2020-02-27,66.37755584716797
2020-02-28,66.3387451171875
2020-03-02,72.5149154663086
2020-03-03,70.2118911743164
2020-03-04,73.4686508178711
2020-03-05,71.0855484008789
2020-03-06,70.14153289794922
2020-03-09,64.59386444091797
2020-03-10,69.24602508544922
2020-03-11,66.8410873413086
2020-03-12,60.24021530151367
2020-03-13,67.45748138427734
2020-03-16,58.7792854309082
2020-03-17,61.36381530761719
2020-03-18,59.861637115478516
2020-03-19,59.402976989746094
2020-03-20,55.631736755371094
2020-03-23,54.44989776611328
2020-03-24,59.91259765625
2020-03-25,59.582557678222656
2020-03-26,62.71796417236328
2020-03-27,60.12130355834961
2020-03-30,61.83705139160156
2020-03-31,61.71084213256836
2020-04-01,58.46379852294922
2020-04-02,59.439369201660156
2020-04-03,58.58513641357422
2020-04-06,63.69597625732422
2020-04-07,62.958213806152344
2020-04-08,64.56961059570312
2020-04-09,65.03553771972656
2020-04-13,66.31205749511719
2020-04-14,69.66102600097656
2020-04-15,69.02518463134766
2020-04-16,69.57364654541016
2020-04-17,68.629638671875
2020-04-20,67.20508575439453
2020-04-21,65.1277847290039
2020-04-22,67.0036849975586
2020-04-23,66.74400329589844
2020-04-24,68.6708984375
2020-04-27,68.71940612792969
2020-04-28,67.60550689697266
2020-04-29,69.8260498046875
2020-04-30,71.2990951538086
2020-05-01,70.1512222290039
2020-05-04,71.14378356933594
2020-05-05,72.21155548095703
2020-05-06,72.95661163330078
2020-05-07,73.71133422851562
2020-05-08,75.46577453613281
2020-05-11,76.65325927734375
2020-05-12,75.77725219726562
2020-05-13,74.86229705810547
2020-05-14,75.32220458984375
2020-05-15,74.87691497802734
2020-05-18,76.6410903930664
2020-05-19,76.19822692871094
2020-05-20,77.68013763427734
2020-05-21,77.10099792480469
2020-05-22,77.59740447998047
2020-05-26,77.0718002319336
2020-05-27,77.40757751464844
2020-05-28,77.44165802001953
2020-05-29,77.36621856689453
2020-06-01,78.31768035888672
2020-06-02,78.68025207519531
2020-06-03,79.1133804321289
2020-06-04,78.43205261230469
2020-06-05,80.66586303710938
2020-06-08,81.14281463623047
2020-06-09,83.70512390136719
2020-06-10,85.858642578125
2020-06-11,81.7365493774414
2020-06-12,82.44221496582031
2020-06-15,83.4617919921875
2020-06-16,85.67371368408203
2020-06-17,85.55449676513672
2020-06-18,85.58855438232422
2020-06-19,85.09943389892578
2020-06-22,87.32595825195312
2020-06-23,89.18993377685547
2020-06-24,87.61556243896484
2020-06-25,88.77870178222656
2020-06-26,86.05089569091797
2020-06-29,88.03410339355469
2020-06-30,88.76893615722656
2020-07-01,88.60106658935547
2020-07-02,88.60106658935547
2020-07-06,90.97115325927734
2020-07-07,90.68888092041016
2020-07-08,92.80103302001953
2020-07-09,93.20011901855469
2020-07-10,93.36312866210938
2020-07-13,92.93243408203125
2020-07-14,94.4703369140625
2020-07-15,95.1200180053711
2020-07-16,93.94956970214844
2020-07-17,93.75978088378906
2020-07-20,95.73567199707031
2020-07-21,94.41435241699219
2020-07-22,94.67959594726562
2020-07-23,90.3701171875
2020-07-24,90.146240234375
2020-07-27,92.28271484375
2020-07-28,90.7667465209961
2020-07-29,92.506591796875
2020-07-30,93.62593078613281
2020-07-31,103.42752075195312
2020-08-03,106.03364562988281
2020-08-04,106.74172973632812
2020-08-05,107.12864685058594
2020-08-06,110.86628723144531
2020-08-07,108.34566497802734
2020-08-10,109.92044830322266
2020-08-11,106.65141296386719
2020-08-12,110.19590759277344
2020-08-13,112.14608764648438
2020-08-14,112.0461654663086
2020-08-17,111.75362396240234
2020-08-18,112.68486785888672
2020-08-19,112.82622528076172
2020-08-20,115.32980346679688
2020-08-21,121.2730484008789
2020-08-24,122.7235107421875
2020-08-25,121.71668243408203
2020-08-26,123.37193298339844
2020-08-27,121.89710235595703
2020-08-28,121.69964599609375
2020-08-31,125.82672882080078
2020-09-01,130.83872985839844
2020-09-02,128.12796020507812
2020-09-03,117.86993408203125
2020-09-04,117.94793701171875
2020-09-08,110.01065063476562
2020-09-09,114.39860534667969
2020-09-10,110.66395568847656
2020-09-11,109.21106719970703
2020-09-14,112.48738861083984
2020-09-15,112.66291809082031
2020-09-16,109.33781433105469
2020-09-17,107.5924072265625
2020-09-18,104.17955780029297
2020-09-21,107.3388671875
2020-09-22,109.02579498291016
2020-09-23,104.45257568359375
2020-09-24,105.52519226074219
2020-09-25,109.48407745361328
2020-09-28,112.09735107421875
2020-09-29,111.24900817871094
2020-09-30,112.92618560791016
2020-10-01,113.88178253173828
2020-10-02,110.2056655883789
2020-10-05,113.59900665283203
2020-10-06,110.3421859741211
2020-10-07,112.21438598632812
2020-10-08,112.10710906982422
2020-10-09,114.05730438232422
2020-10-12,121.30228424072266
2020-10-13,118.08445739746094
2020-10-14,118.1722183227539
2020-10-15,117.70417022705078
2020-10-16,116.05625915527344
2020-10-19,113.09194946289062
2020-10-20,114.58385467529297
2020-10-21,113.95980072021484
2020-10-22,112.86769104003906
2020-10-23,112.17537689208984
2020-10-26,112.18510437011719
2020-10-27,113.6965103149414
2020-10-28,108.43097686767578
2020-10-29,112.44841003417969
2020-10-30,106.14923858642578
2020-11-02,106.06149291992188
2020-11-03,107.68990325927734
2020-11-04,112.08760070800781
2020-11-05,116.0660171508789
2020-11-06,115.93413543701172
2020-11-09,113.6191635131836
2020-11-10,113.27729797363281
2020-11-11,116.71554565429688
2020-11-12,116.44206237792969
2020-11-13,116.49091339111328
2020-11-16,117.50675964355469
2020-11-17,116.61788940429688
2020-11-18,115.28945922851562
2020-11-19,115.88529205322266
2020-11-20,114.61548614501953
2020-11-23,111.2065200805664
2020-11-24,112.4958724975586
2020-11-25,113.33589935302734
2020-11-27,113.88289642333984
2020-11-30,116.28577423095703
2020-12-01,119.8705825805664
2020-12-02,120.22222900390625
2020-12-03,120.08546447753906
2020-12-04,119.41146850585938
2020-12-07,120.87665557861328
2020-12-08,121.49202728271484
2020-12-09,118.95238494873047
2020-12-10,120.37850189208984
2020-12-11,119.56777954101562
2020-12-14,118.95238494873047
2020-12-15,124.91075134277344
2020-12-16,124.84237670898438
2020-12-17,125.71171569824219
2020-12-18,123.7190933227539
2020-12-21,125.25262451171875
2020-12-22,128.81788635253906
2020-12-23,127.91927337646484
2020-12-24,128.9058074951172
2020-12-28,133.51622009277344
2020-12-29,131.73843383789062
2020-12-30,130.61517333984375
